Workbook

Sheet Data from experiment
A1: Compound | B1: MW [g/mol] | C1: mgCOD/mg | D1: #C | F1: Biomass concentration (gCDW/L)
A2: PHB | B2: 104 | C2: 1.38 | D2: 4 | F2: 8.0959733
A3: PHV | B3: 117 | C3: 1.57 | D3: 5
A4: PH2MV | B4: 132 | C4: 1.82 | D4: 6
A5: Phosphate | B5: 94.9714
A6: Glycogen | B6: 180.156
A9: Data from reactor Sam08
A10: Time | B10: Time | C10: Acetate | E10: Phosphate | H10: Glycogen | L10: PHB | N10: PHV
A11: Minutes | B11: hours | C11: mM | D11: mmol/gX | E11: mg/L | F11: mg/gX | G11: mmol/gX | H11: mg/ml (extr.) | I11: mg biomass | J11: mg / mgX | K11: mmol/gX | L11: mg/gx | M11: mmol/gX | N11: mg/gx | O11: mmol/gX
A12: -2 | B12: =A12/60 -> -0.033333333 | C12: 0 | D12: =C12/$F$2 -> 0 | E12: 1.4104468 | F12: =E12/$F$2 -> 0.17421584 | G12: =F12/$B$5 -> 0.0018344032 | H12: 0.10527258 | I12: 5 | J12: =H12*10/I12 -> 0.21054517 | K12: =J12/$B$6*1000 -> 1.1686825 | L12: ='PHAs calculation'!J3 -> 3.5537188 | M12: =L12/$B$2 -> 0.034170373 | N12: ='PHAs calculation'!N3 -> 1.5007698 | O12: =N12/$B$3 -> 0.012827092
A13: 0 | B13: =A13/60 -> 0 | C13: 5.7275 | D13: =C13/$F$2 -> 0.70745046 | E13: 217.6994 | F13: =E13/$F$2 -> 26.889837 | G13: =F13/$B$5 -> 0.28313615 | H13: 0.073172984 | I13: 5.66 | J13: =H13*10/I13 -> 0.12928089 | K13: =J13/$B$6*1000 -> 0.71760524 | L13: ='PHAs calculation'!J4 -> 10.712872 | N13: ='PHAs calculation'!N4 -> 1.569775 | O13: =N13/$B$3 -> 0.01341688
A14: 10 | B14: =A14/60 -> 0.16666667 | C14: 2.9204 | D14: =C14/$F$2 -> 0.36072253 | E14: 516.71412 | F14: =E14/$F$2 -> 63.823596 | G14: =F14/$B$5 -> 0.67202964 | H14: 0.055922457 | I14: 5.33 | J14: =H14*10/I14 -> 0.10492018 | K14: =J14/$B$6*1000 -> 0.58238517 | L14: ='PHAs calculation'!J5 -> 30.60639 | M14: =L14/$B$2 -> 0.29429221 | N14: ='PHAs calculation'!N5 -> 3.1459901 | O14: =N14/$B$3 -> 0.026888805
A15: 20 | B15: =A15/60 -> 0.33333333 | C15: 0.7144 | D15: =C15/$F$2 -> 0.088241398 | E15: 804.35329 | F15: =E15/$F$2 -> 99.352266 | G15: =F15/$B$5 -> 1.0461283 | H15: 0.077292016 | I15: 5.25 | J15: =H15*10/I15 -> 0.14722289 | L15: ='PHAs calculation'!J6 -> 47.456966 | M15: =L15/$B$2 -> 0.45631698 | N15: ='PHAs calculation'!N6 -> 4.0069323 | O15: =N15/$B$3 -> 0.034247285
A16: 30 | B16: =A16/60 -> 0.5 | C16: 0 | D16: =C16/$F$2 -> 0 | E16: 904.12707 | F16: =E16/$F$2 -> 111.67614 | G16: =F16/$B$5 -> 1.1758924 | H16: 0.084815739 | I16: 5.16 | J16: =H16*10/I16 -> 0.16437159 | L16: ='PHAs calculation'!J7 -> 50.523311 | M16: =L16/$B$2 -> 0.48580107 | N16: ='PHAs calculation'!N7 -> 4.665464 | O16: =N16/$B$3 -> 0.039875761
A17: 60 | B17: =A17/60 -> 1 | C17: 0 | D17: =C17/$F$2 -> 0 | E17: 980.16855 | F17: =E17/$F$2 -> 121.06865 | G17: =F17/$B$5 -> 1.2747906 | H17: 0.068096702 | I17: 5.08 | J17: =H17*10/I17 -> 0.13404863 | L17: ='PHAs calculation'!J8 -> 53.960785 | M17: =L17/$B$2 -> 0.5188537 | N17: ='PHAs calculation'!N8 -> 6.4568381 | O17: =N17/$B$3 -> 0.05518665
A18: 90 | B18: =A18/60 -> 1.5 | C18: 0 | D18: =C18/$F$2 -> 0 | E18: 976.12118 | F18: =E18/$F$2 -> 120.56873 | G18: =F18/$B$5 -> 1.2695267 | H18: 0.041272123 | I18: 5.27 | J18: =H18*10/I18 -> 0.078315224 | K18: =J18/$B$6*1000 -> 0.43470783 | L18: ='PHAs calculation'!J9 -> 39.475339 | M18: =L18/$B$2 -> 0.37957056 | N18: ='PHAs calculation'!N9 -> 5.6557747 | O18: =N18/$B$3 -> 0.048339955
A19: 120 | B19: =A19/60 -> 2 | C19: 0 | D19: =C19/$F$2 -> 0 | E19: 1003.6862 | F19: =E19/$F$2 -> 123.97351 | G19: =F19/$B$5 -> 1.3053773 | H19: 0.074918628 | I19: 5.24 | J19: =H19*10/I19 -> 0.14297448 | L19: ='PHAs calculation'!J10 -> 53.810688 | M19: =L19/$B$2 -> 0.51741046 | N19: ='PHAs calculation'!N10 -> 7.3701831 | O19: =N19/$B$3 -> 0.062993018
C21: q-rates | D21: =SLOPE(D13:D16,B13:B16) -> -1.4368995 | G21: =SLOPE(G13:G16,B13:B16) -> 1.8314203 | K21: =SLOPE(K13:K18,B13:B18) -> -0.15874173 | M21: =SLOPE(M12:M16,B12:B16) -> 0.86872474 | O21: =SLOPE(O13:O17,B13:B17) -> 0.039354805
C22: Electrons | D22: 8 | K22: 24 | M22: 18 | O22: 24
C23: e-mmol/gCDW/h | D23: =D21*D22 -> -11.495196 | K23: =K21*K22 -> -3.8098015 | M23: =M21*M22 -> 15.637045 | O23: =O21*O22 -> 0.94451532
C24: Cmol/gCDW/h | D24: =D21*2/1000 -> -0.002873799 | J24: Cmol/gCDW/h | K24: =K21*6/1000 -> -0.00095245039 | L24: Cmol/gCDW/h | M24: =M21*4/1000 -> 0.003474899 | N24: Cmol/gCDW/h | O24: =O21*5/1000 -> 0.00019677402
M29: e- IN | N29: e- OUT | O29: e- Recovery (%)
M30: =D23+K23 -> -15.304998 | N30: =M23+O23 -> 16.581561 | O30: =ABS((N30/M30))*100 -> 108.34083
M31: C IN | N31: C out | O31: C Recovery (%)
M32: =D24+K24 -> -0.0038262494 | N32: =M24+O24 -> 0.003671673 | O32: =ABS((N32/M32))*100 -> 95.960107
B38: in mmol/gX | C38: in mmol/gX | D38: in mmol/gX | E38: in mmol/gX | F38: in mmol/gX
A39: time (min) | B39: acetate | C39: phosphate | D39: glycogen | E39: PHB | F39: PHV
A40: -2 | B40: 0 | C40: 0.0018344032 | D40: 1.1686825 | E40: 0.034170373 | F40: 0.012827092
A41: 0 | B41: 0.70745046 | C41: 0.28313615 | D41: 0.71760524 | F41: 0.01341688
A42: 10 | B42: 0.36072253 | C42: 0.67202964 | D42: 0.58238517 | E42: 0.29429221 | F42: 0.026888805
A43: 20 | B43: 0.088241398 | C43: 1.0461283 | E43: 0.45631698 | F43: 0.034247285
A44: 30 | B44: 0 | C44: 1.1758924 | E44: 0.48580107 | F44: 0.039875761
A45: 60 | B45: 0 | C45: 1.2747906 | E45: 0.5188537 | F45: 0.05518665
A46: 90 | B46: 0 | C46: 1.2695267 | D46: 0.43470783 | E46: 0.37957056 | F46: 0.048339955
A47: 120 | B47: 0 | C47: 1.3053773 | E47: 0.51741046 | F47: 0.062993018

Sheet PHAs calculation
A1: Sample | B1: PHB | C1: PHV | D1: IS | G1: PHB | K1: PHV
B2: Area | C2: Area | D2: Area | E2: biomass (mg) | F2: IS (mg) | G2: Area ratio | H2: Weight ratio | I2: mg PHB | J2: mg / g X | K2: Area ratio | L2: Weight ratio | M2: mg PHV | N2: mg / g X
A3: LM071.39.1 | B3: 5.3 | C3: 7.2764 | D3: 243 | E3: 28.36 | F3: 38.3 | G3: =B3/D3 -> 0.0218107 | H3: =(G3-$R$29)/$Q$29 -> 0.002631422 | I3: =H3*F3 -> 0.10078346 | J3: =I3/E3*1000 -> 3.5537188 | K3: =C3/D3 -> 0.029944033 | L3: =(K3-$X$29)/$W$29 -> 0.001111275 | M3: =L3*F3 -> 0.042561831 | N3: =M3/E3*1000 -> 1.5007698
A4: LM071.39.2 | B4: 13.7 | C4: 7.001 | D4: 237.8 | E4: 26.25 | F4: 38.44 | G4: =B4/D4 -> 0.057611438 | H4: =(G4-$R$29)/$Q$29 -> 0.0073156317 | I4: =H4*F4 -> 0.28121288 | J4: =I4/E4*1000 -> 10.712872 | K4: =C4/D4 -> 0.029440706 | L4: =(K4-$X$29)/$W$29 -> 0.0010719717 | M4: =L4*F4 -> 0.041206593 | N4: =M4/E4*1000 -> 1.569775
A5: LM071.39.3 | B5: 36.775 | C5: 9.663 | D5: 215.9 | E5: 27.07 | F5: 37.55 | G5: =B5/D5 -> 0.17033349 | H5: =(G5-$R$29)/$Q$29 -> 0.022064314 | I5: =H5*F5 -> 0.82851498 | J5: =I5/E5*1000 -> 30.60639 | K5: =C5/D5 -> 0.044756832 | L5: =(K5-$X$29)/$W$29 -> 0.0022679615 | M5: =L5*F5 -> 0.085161953 | N5: =M5/E5*1000 -> 3.1459901
A6: LM071.39.4 | B6: 59.046 | C6: 11.94 | D6: 231.8 | E6: 26.6 | F6: 38.13 | G6: =B6/D6 -> 0.25472821 | H6: =(G6-$R$29)/$Q$29 -> 0.033106616 | I6: =H6*F6 -> 1.2623553 | J6: =I6/E6*1000 -> 47.456966 | K6: =C6/D6 -> 0.051509922 | L6: =(K6-$X$29)/$W$29 -> 0.0027952898 | M6: =L6*F6 -> 0.1065844 | N6: =M6/E6*1000 -> 4.0069323
A7: LM071.39.5 | B7: 61.7675 | C7: 13.1665 | D7: 233.616 | E7: 25.92 | F7: 38.1 | G7: =B7/D7 -> 0.26439756 | H7: =(G7-$R$29)/$Q$29 -> 0.034371765 | I7: =H7*F7 -> 1.3095642 | J7: =I7/E7*1000 -> 50.523311 | K7: =C7/D7 -> 0.056359582 | L7: =(K7-$X$29)/$W$29 -> 0.003173985 | M7: =L7*F7 -> 0.12092883 | N7: =M7/E7*1000 -> 4.665464
A8: LM071.39.6 | B8: 66.8019 | C8: 16.91 | D8: 228.754 | E8: 26.8 | F8: 38.07 | G8: =B8/D8 -> 0.29202506 | H8: =(G8-$R$29)/$Q$29 -> 0.037986578 | I8: =H8*F8 -> 1.446149 | J8: =I8/E8*1000 -> 53.960785 | K8: =C8/D8 -> 0.073922205 | L8: =(K8-$X$29)/$W$29 -> 0.0045453969 | M8: =L8*F8 -> 0.17304326 | N8: =M8/E8*1000 -> 6.4568381
A9: LM071.39.7 | B9: 65.526 | C9: 20.042 | D9: 281.7 | E9: 27.17 | F9: 35.5 | G9: =B9/D9 -> 0.23260916 | H9: =(G9-$R$29)/$Q$29 -> 0.030212534 | I9: =H9*F9 -> 1.072545 | J9: =I9/E9*1000 -> 39.475339 | K9: =C9/D9 -> 0.07114661 | L9: =(K9-$X$29)/$W$29 -> 0.0043286591 | M9: =L9*F9 -> 0.1536674 | N9: =M9/E9*1000 -> 5.6557747
A10: LM071.39.8 | B10: 68.2678 | C10: 19.0984 | D10: 223.927 | E10: 27.4 | F10: 37.17 | G10: =B10/D10 -> 0.30486632 | H10: =(G10-$R$29)/$Q$29 -> 0.039666743 | I10: =H10*F10 -> 1.4744129 | J10: =I10/E10*1000 -> 53.810688 | K10: =C10/D10 -> 0.085288509 | L10: =(K10-$X$29)/$W$29 -> 0.0054329571 | M10: =L10*F10 -> 0.20194302 | N10: =M10/E10*1000 -> 7.3701831
A14: Sample | B14: PHB | C14: PHV | D14: IS | F14: PHA standard (mg) | G14: IS (mg) | H14: PHB (mg) | I14: PHV (mg) | K14: Weight ratios | M14: Area ratios
B15: Area | C15: Area | D15: Area | K15: PHB | L15: PHV | M15: PHB | N15: PHV
A16: LM071.58.0 | B16: 0 | C16: 3.422 | D16: 189.468 | F16: 0 | G16: 32.1 | H16: =F16*0.91 -> 0 | I16: =F16*0.09 -> 0 | K16: =H16/G16 -> 0 | L16: =I16/G16 -> 0 | M16: =B16/D16 -> 0 | N16: =C16/D16 -> 0.018061097
A17: LM071.58.1 | B17: 41.9 | C17: 9.414 | D17: 195.489 | F17: 1.15 | G17: 35.2 | H17: =F17*0.91 -> 1.0465 | I17: =F17*0.09 -> 0.1035 | K17: =H17/G17 -> 0.029730114 | L17: =I17/G17 -> 0.0029403409 | M17: =B17/D17 -> 0.21433431 | N17: =C17/D17 -> 0.048156162
A18: LM071.58.2 | B18: 113.1 | C18: 21.7022 | D18: 214.9 | F18: 2.65 | G18: 37.4 | H18: =F18*0.91 -> 2.4115 | I18: =F18*0.09 -> 0.2385 | K18: =H18/G18 -> 0.06447861 | L18: =I18/G18 -> 0.0063770053 | M18: =B18/D18 -> 0.5262913 | N18: =C18/D18 -> 0.10098744
A19: LM071.58.3 | B19: 179.2 | C19: 33.646 | D19: 228.9 | F19: 4.37 | G19: 38.15 | H19: =F19*0.91 -> 3.9767 | I19: =F19*0.09 -> 0.3933 | K19: =H19/G19 -> 0.10423853 | L19: =I19/G19 -> 0.010309305 | M19: =B19/D19 -> 0.78287462 | N19: =C19/D19 -> 0.14698995
Q28: m | R28: b | W28: m | X28: b
Q29: {=LINEST(M16:M19,K16:K19,TRUE,FALSE)} -> 7.6428557 | R29: 0.0016991206 | W29: {=LINEST(N16:N19,L16:L19,TRUE,FALSE)} -> 12.806235 | X29: 0.015712785
